run_name,scenario,loss_weight,pde_weight,noise_type,noise_level,bias_type,bias_level,rel_l2_u,rel_l2_v,rel_l2_p,adam_steps,n_train
lw_0p000,clean,0.0,1.0,none,0.0,none,0.0,0.9990081191062927,0.999981164932251,0.7810481786727905,10000,5000
lw_0p000_cosine_0p300,bias_cosine_0p300,0.0,1.0,none,0.0,cosine,0.3,0.9990081191062927,0.999981164932251,0.7810481786727905,10000,5000
lw_0p000_cosine_0p500,bias_cosine_0p500,0.0,1.0,none,0.0,cosine,0.5,0.9990081191062927,0.999981164932251,0.7810481786727905,10000,5000
lw_0p000_cosine_0p800,bias_cosine_0p800,0.0,1.0,none,0.0,cosine,0.8,0.9990081191062927,0.999981164932251,0.7810481786727905,10000,5000
lw_0p000_gaussian_0p050,noise_gaussian_0p050,0.0,1.0,gaussian,0.05,none,0.0,0.9990081191062927,0.999981164932251,0.7810481786727905,10000,5000
lw_0p000_gaussian_0p050_cosine_0p300,noise_gaussian_0p050__bias_cosine_0p300,0.0,1.0,gaussian,0.05,cosine,0.3,0.9990081191062927,0.999981164932251,0.7810481786727905,10000,5000
lw_0p000_gaussian_0p050_cosine_0p500,noise_gaussian_0p050__bias_cosine_0p500,0.0,1.0,gaussian,0.05,cosine,0.5,0.9990081191062927,0.999981164932251,0.7810481786727905,10000,5000
lw_0p000_gaussian_0p050_cosine_0p800,noise_gaussian_0p050__bias_cosine_0p800,0.0,1.0,gaussian,0.05,cosine,0.8,0.9990081191062927,0.999981164932251,0.7810481786727905,10000,5000
lw_0p200,clean,0.2,0.8,none,0.0,none,0.0,0.05336087942123413,0.21937717497348785,0.3243692219257355,10000,5000
lw_0p200_cosine_0p300,bias_cosine_0p300,0.2,0.8,none,0.0,cosine,0.3,0.11650717258453369,0.3107735514640808,1.6713794469833374,10000,5000
lw_0p200_cosine_0p500,bias_cosine_0p500,0.2,0.8,none,0.0,cosine,0.5,0.2519190013408661,1.053806185722351,1.1242965459823608,10000,5000
lw_0p200_cosine_0p800,bias_cosine_0p800,0.2,0.8,none,0.0,cosine,0.8,0.36792004108428955,1.2145211696624756,1.7294255495071411,10000,5000
lw_0p200_gaussian_0p050,noise_gaussian_0p050,0.2,0.8,gaussian,0.05,none,0.0,0.0519954077899456,0.21303662657737732,0.28956153988838196,10000,5000
lw_0p200_gaussian_0p050_cosine_0p300,noise_gaussian_0p050__bias_cosine_0p300,0.2,0.8,gaussian,0.05,cosine,0.3,0.11479102075099945,0.2867629826068878,2.510652542114258,10000,5000
lw_0p200_gaussian_0p050_cosine_0p500,noise_gaussian_0p050__bias_cosine_0p500,0.2,0.8,gaussian,0.05,cosine,0.5,0.24883094429969788,1.0426487922668457,1.1150561571121216,10000,5000
lw_0p200_gaussian_0p050_cosine_0p800,noise_gaussian_0p050__bias_cosine_0p800,0.2,0.8,gaussian,0.05,cosine,0.8,0.36628445982933044,1.2001904249191284,1.714557409286499,10000,5000
lw_0p500,clean,0.5,0.5,none,0.0,none,0.0,0.0416138619184494,0.16014105081558228,0.4686904847621918,10000,5000
lw_0p500_cosine_0p300,bias_cosine_0p300,0.5,0.5,none,0.0,cosine,0.3,0.12536635994911194,0.27188143134117126,1.9776148796081543,10000,5000
lw_0p500_cosine_0p500,bias_cosine_0p500,0.5,0.5,none,0.0,cosine,0.5,0.21351458132266998,0.4664432108402252,1.1778812408447266,10000,5000
lw_0p500_cosine_0p800,bias_cosine_0p800,0.5,0.5,none,0.0,cosine,0.8,0.33850187063217163,0.7843076586723328,1.8609176874160767,10000,5000
lw_0p500_gaussian_0p050,noise_gaussian_0p050,0.5,0.5,gaussian,0.05,none,0.0,0.03620290011167526,0.14550697803497314,0.3403187692165375,10000,5000
lw_0p500_gaussian_0p050_cosine_0p300,noise_gaussian_0p050__bias_cosine_0p300,0.5,0.5,gaussian,0.05,cosine,0.3,0.12360213696956635,0.26810988783836365,1.2243341207504272,10000,5000
lw_0p500_gaussian_0p050_cosine_0p500,noise_gaussian_0p050__bias_cosine_0p500,0.5,0.5,gaussian,0.05,cosine,0.5,0.2125239372253418,0.46411463618278503,1.034412145614624,10000,5000
lw_0p500_gaussian_0p050_cosine_0p800,noise_gaussian_0p050__bias_cosine_0p800,0.5,0.5,gaussian,0.05,cosine,0.8,0.3575315773487091,0.9496244192123413,1.7581772804260254,10000,5000
lw_0p800,clean,0.8,0.19999999999999996,none,0.0,none,0.0,0.027737345546483994,0.09763563424348831,0.7248551845550537,10000,5000
lw_0p800_cosine_0p300,bias_cosine_0p300,0.8,0.19999999999999996,none,0.0,cosine,0.3,0.13919204473495483,0.2826857566833496,0.964996874332428,10000,5000
lw_0p800_cosine_0p500,bias_cosine_0p500,0.8,0.19999999999999996,none,0.0,cosine,0.5,0.2373233288526535,0.48602133989334106,1.1963696479797363,10000,5000
lw_0p800_cosine_0p800,bias_cosine_0p800,0.8,0.19999999999999996,none,0.0,cosine,0.8,0.37694138288497925,0.7733231782913208,1.9103784561157227,10000,5000
lw_0p800_gaussian_0p050,noise_gaussian_0p050,0.8,0.19999999999999996,gaussian,0.05,none,0.0,0.026026587933301926,0.08447001874446869,0.3791426420211792,10000,5000
lw_0p800_gaussian_0p050_cosine_0p300,noise_gaussian_0p050__bias_cosine_0p300,0.8,0.19999999999999996,gaussian,0.05,cosine,0.3,0.13767628371715546,0.2825285494327545,0.6958349943161011,10000,5000
lw_0p800_gaussian_0p050_cosine_0p500,noise_gaussian_0p050__bias_cosine_0p500,0.8,0.19999999999999996,gaussian,0.05,cosine,0.5,0.23467905819416046,0.485622763633728,1.2482373714447021,10000,5000
lw_0p800_gaussian_0p050_cosine_0p800,noise_gaussian_0p050__bias_cosine_0p800,0.8,0.19999999999999996,gaussian,0.05,cosine,0.8,0.38117343187332153,0.7824130058288574,2.080897092819214,10000,5000
lw_1p000,clean,1.0,0.0,none,0.0,none,0.0,0.030491866171360016,0.11371149122714996,2.489781618118286,10000,5000
lw_1p000_cosine_0p300,bias_cosine_0p300,1.0,0.0,none,0.0,cosine,0.3,0.1641799956560135,0.37079760432243347,4.863196849822998,10000,5000
lw_1p000_cosine_0p500,bias_cosine_0p500,1.0,0.0,none,0.0,cosine,0.5,0.28615644574165344,0.6992710828781128,7.696322441101074,10000,5000
lw_1p000_cosine_0p800,bias_cosine_0p800,1.0,0.0,none,0.0,cosine,0.8,0.5736162066459656,1.4592499732971191,6.637755393981934,10000,5000
lw_1p000_gaussian_0p050,noise_gaussian_0p050,1.0,0.0,gaussian,0.05,none,0.0,0.02989231050014496,0.11686697602272034,2.515401840209961,10000,5000
lw_1p000_gaussian_0p050_cosine_0p300,noise_gaussian_0p050__bias_cosine_0p300,1.0,0.0,gaussian,0.05,cosine,0.3,0.15681228041648865,0.3299051821231842,4.592245578765869,10000,5000
lw_1p000_gaussian_0p050_cosine_0p500,noise_gaussian_0p050__bias_cosine_0p500,1.0,0.0,gaussian,0.05,cosine,0.5,0.2684255540370941,0.5789297819137573,4.818368434906006,10000,5000
lw_1p000_gaussian_0p050_cosine_0p800,noise_gaussian_0p050__bias_cosine_0p800,1.0,0.0,gaussian,0.05,cosine,0.8,0.9089294075965881,2.7387681007385254,5.624691963195801,10000,5000
